{"cameraMode":{"drawMode":0,"name":"Shaded","section":"Shading Mode"},"sceneLighting":true,"audioPlay":false,"sceneViewState":{"showFog":true,"showMaterialUpdate":false,"showSkybox":true,"showFlares":true,"showImageEffects":true,"showParticleSystems":true},"in2DMode":false,"pivot":{"x":24.14569664001465,"y":-16.34805679321289,"z":-37.432167053222659},"rotation":{"x":0.0525984950363636,"y":0.9389030933380127,"z":-0.16649018228054048,"w":0.29662057757377627},"size":59.402305603027347,"orthographic":false}