{"cameraMode":{"drawMode":0,"name":"Shaded","section":"Shading Mode"},"sceneLighting":true,"audioPlay":false,"sceneViewState":{"showFog":true,"showMaterialUpdate":false,"showSkybox":true,"showFlares":true,"showImageEffects":true,"showParticleSystems":true},"in2DMode":false,"pivot":{"x":-3.0559380054473879,"y":0.432952880859375,"z":3.469515800476074},"rotation":{"x":-0.05817890539765358,"y":0.09896407276391983,"z":-0.0057956804521381859,"w":-0.9933748245239258},"size":18.24091148376465,"orthographic":false}